{
  "benchmark": "livecodebench/code_generation_lite release_v6",
  "lcb_repo_commit": "28fef95ea8c9f7a547c8329f2cd3d32b92c1fa24",
  "tasks": 1055,
  "model": "Qwen2.5-Coder-7B-Instruct",
  "adapter": null,
  "decode": {
    "temperature": 0.8,
    "top_p": 0.95,
    "n_samples": 8,
    "max_new_tokens": 2048,
    "selection": "public_tests",
    "tie_breaker": "shortest"
  },
  "score": {
    "passed": 403,
    "total": 1055,
    "pass_at_1": 0.3819905213270142
  },
  "baseline_greedy": {
    "passed": 297,
    "total": 1055,
    "pass_at_1": 0.28151658767772514
  },
  "baseline_n4_public_select": {
    "passed": 378,
    "total": 1055,
    "pass_at_1": 0.3582938388625592
  },
  "absolute_gain_vs_greedy": 0.10047393364928908,
  "absolute_gain_vs_n4_public_select": 0.023696682464455,
  "relative_gain_vs_greedy": 0.35690235690235683,
  "relative_gain_vs_n4_public_select": 0.06613756613756627,
  "public_selection": {
    "selected_public_pass_count": 618,
    "public_oracle_pass_count": 618,
    "public_metric_pass_at_1": 0.3459715639810427,
    "selected_public_score_counts": {
      "0.0": 265,
      "0.5": 121,
      "0.6666666666666666": 47,
      "0.75": 4,
      "1.0": 618
    },
    "selected_index_counts": {
      "0": 155,
      "1": 140,
      "2": 132,
      "3": 127,
      "4": 128,
      "5": 113,
      "6": 144,
      "7": 116
    },
    "source": "saved public_selection.json reused for chunked hidden evaluation after interrupted monolithic replay"
  },
  "timing_seconds": {
    "generation": 28480.919,
    "hidden_evaluation_chunk_sum": 449.914,
    "public_selection_recorded_in_report": 0.0,
    "chunk_wall_timeout": 60
  },
  "hashes": {
    "full_jsonl_sha256": "4519422b52d7dd243358ee721ecfe94e26ab364a7af2938c8e5d170a17bcadcd",
    "generations_sha256": "0950cbbbfcbed6d716b2c9b556e7e9aa3626211381a95e4c6e4a367bdd95df57"
  },
  "breakdown": {
    "difficulty": {
      "easy": {
        "passed": 260,
        "total": 322,
        "score": 0.8074534161490683
      },
      "hard": {
        "passed": 19,
        "total": 350,
        "score": 0.054285714285714284
      },
      "medium": {
        "passed": 124,
        "total": 383,
        "score": 0.3237597911227154
      }
    },
    "platform": {
      "atcoder": {
        "passed": 199,
        "total": 602,
        "score": 0.33056478405315615
      },
      "codeforces": {
        "passed": 5,
        "total": 9,
        "score": 0.5555555555555556
      },
      "leetcode": {
        "passed": 199,
        "total": 444,
        "score": 0.44819819819819817
      }
    }
  },
  "baseline_breakdown": {
    "difficulty": {
      "easy": {
        "passed": 206,
        "total": 322,
        "score": 0.639751552795031
      },
      "hard": {
        "passed": 9,
        "total": 350,
        "score": 0.025714285714285714
      },
      "medium": {
        "passed": 82,
        "total": 383,
        "score": 0.21409921671018275
      }
    },
    "platform": {
      "atcoder": {
        "passed": 146,
        "total": 602,
        "score": 0.2425249169435216
      },
      "codeforces": {
        "passed": 2,
        "total": 9,
        "score": 0.2222222222222222
      },
      "leetcode": {
        "passed": 149,
        "total": 444,
        "score": 0.3355855855855856
      }
    }
  },
  "n4_public_select_breakdown": {
    "difficulty": {
      "easy": {
        "passed": 251,
        "total": 322,
        "score": 0.7795031055900621
      },
      "hard": {
        "passed": 17,
        "total": 350,
        "score": 0.04857142857142857
      },
      "medium": {
        "passed": 110,
        "total": 383,
        "score": 0.28720626631853785
      }
    },
    "platform": {
      "atcoder": {
        "passed": 183,
        "total": 602,
        "score": 0.30398671096345514
      },
      "codeforces": {
        "passed": 5,
        "total": 9,
        "score": 0.5555555555555556
      },
      "leetcode": {
        "passed": 190,
        "total": 444,
        "score": 0.42792792792792794
      }
    }
  },
  "failure_counts": {
    "runtime_error": 66,
    "wrong_answer": 438,
    "time_limit_exceeded": 147,
    "fatal_chunk_failure": 1
  },
  "evaluation_notes": {
    "chunked_replay": true,
    "fatal_chunk_failure_count": 1,
    "fatal_question_ids": [
      "3637"
    ],
    "fatal_policy": "Single-problem worker failures are counted as hidden-test failures, not omitted."
  }
}
