{
  "benchmark": "LiveCodeBench code_generation_lite",
  "benchmark_scope": "release_v6 parquet shard subset; not a full leaderboard run",
  "lcb_repo": "/path/to/LiveCodeBench",
  "lcb_repo_commit": "28fef95ea8c9f7a547c8329f2cd3d32b92c1fa24",
  "parquet": "data/raw/livecodebench/release_v6_test_00000_smalltests20.parquet",
  "parquet_sha256": "9a35057e923ae1892c05202ca83ee6aeb47ec22911550e34c158f2b2a817b510",
  "parquet_rows_selected": 20,
  "model": "/path/to/Qwen2.5-Coder-7B-Instruct",
  "adapter_path": null,
  "n_samples": 8,
  "selection": "public_tests",
  "public_select_tie_breaker": "shortest",
  "temperature": 0.8,
  "top_p": 0.95,
  "max_new_tokens": 2048,
  "max_input_tokens": 8192,
  "seed": 42,
  "start_date": null,
  "end_date": null,
  "difficulty": null,
  "limit": null,
  "load_in_4bit": true,
  "bf16": true,
  "generation_seconds": 332.421,
  "public_selection_seconds": 5.271,
  "evaluation_seconds": 8.558,
  "metrics": {
    "pass@1": 0.9,
    "detail": {
      "pass@1": {
        "0": 1.0,
        "1": 0.0,
        "2": 1.0,
        "3": 1.0,
        "4": 1.0,
        "5": 1.0,
        "6": 1.0,
        "7": 1.0,
        "8": 1.0,
        "9": 1.0,
        "10": 1.0,
        "11": 1.0,
        "12": 1.0,
        "13": 1.0,
        "14": 1.0,
        "15": 1.0,
        "16": 1.0,
        "17": 0.0,
        "18": 1.0,
        "19": 1.0
      }
    }
  },
  "public_selection_metrics": {
    "pass@1": 0.675,
    "pass@8": 1.0,
    "detail": {
      "pass@1": {
        "0": 0.4999999999999999,
        "1": 0.3749999999999999,
        "2": 0.875,
        "3": 1.0,
        "4": 0.3749999999999999,
        "5": 0.125,
        "6": 1.0,
        "7": 1.0,
        "8": 0.75,
        "9": 0.75,
        "10": 0.25,
        "11": 0.6249999999999999,
        "12": 0.25,
        "13": 1.0,
        "14": 0.3749999999999999,
        "15": 1.0,
        "16": 0.875,
        "17": 0.4999999999999999,
        "18": 0.875,
        "19": 1.0
      },
      "pass@8": {
        "0": 1.0,
        "1": 1.0,
        "2": 1.0,
        "3": 1.0,
        "4": 1.0,
        "5": 1.0,
        "6": 1.0,
        "7": 1.0,
        "8": 1.0,
        "9": 1.0,
        "10": 1.0,
        "11": 1.0,
        "12": 1.0,
        "13": 1.0,
        "14": 1.0,
        "15": 1.0,
        "16": 1.0,
        "17": 1.0,
        "18": 1.0,
        "19": 1.0
      }
    }
  },
  "public_selected_pass_count": 20,
  "public_oracle_pass_count": 20,
  "passed_at_1_count": 18,
  "total": 20
}
